{"cameraMode":{"drawMode":0,"name":"Shaded","section":"Shading Mode"},"sceneLighting":false,"audioPlay":false,"sceneViewState":{"m_AlwaysRefresh":false,"showFog":true,"showSkybox":false,"showFlares":true,"showImageEffects":true,"showParticleSystems":true,"showVisualEffectGraphs":true,"m_FxEnabled":true},"in2DMode":false,"pivot":{"x":-1.1230344772338868,"y":10.450340270996094,"z":-23.788244247436525},"rotation":{"x":0.30720314383506777,"y":-0.04729614779353142,"z":0.016222210600972177,"w":0.9506276845932007},"size":16.860876083374025,"orthographic":false}